Image Name,Image Size,Modification Date
Milk_001.jpg,0.026 MB,"08/21/2023, 20:35:01"
Milk_002.jpg,0.020 MB,"08/21/2023, 20:35:01"
Milk_003.jpg,0.027 MB,"08/21/2023, 20:35:01"
Milk_004.jpg,0.022 MB,"08/21/2023, 20:35:01"
Milk_005.jpg,0.026 MB,"08/21/2023, 20:35:01"
Milk_001.jpg,0.023 MB,"08/21/2023, 20:35:01"
Milk_002.jpg,0.015 MB,"08/21/2023, 20:35:01"
Milk_003.jpg,0.028 MB,"08/21/2023, 20:35:01"
Milk_004.jpg,0.024 MB,"08/21/2023, 20:35:01"
Milk_001.jpg,0.031 MB,"08/21/2023, 20:35:01"
Milk_002.jpg,0.020 MB,"08/21/2023, 20:35:01"
Milk_003.jpg,0.022 MB,"08/21/2023, 20:35:02"
Milk_004.jpg,0.021 MB,"08/21/2023, 20:35:02"
Milk_005.jpg,0.018 MB,"08/21/2023, 20:35:02"
Milk_001.jpg,0.026 MB,"08/21/2023, 20:35:02"
Milk_002.jpg,0.027 MB,"08/21/2023, 20:35:02"
Milk_003.jpg,0.023 MB,"08/21/2023, 20:35:02"
Milk_004.jpg,0.026 MB,"08/21/2023, 20:35:02"
Milk_005.jpg,0.026 MB,"08/21/2023, 20:35:02"
Milk_006.jpg,0.024 MB,"08/21/2023, 20:35:02"
Milk_001.jpg,0.022 MB,"08/21/2023, 20:35:02"
Milk_002.jpg,0.020 MB,"08/21/2023, 20:35:02"
Milk_003.jpg,0.026 MB,"08/21/2023, 20:35:02"
Milk_004.jpg,0.026 MB,"08/21/2023, 20:35:02"
Milk_005.jpg,0.020 MB,"08/21/2023, 20:35:02"
Milk_006.jpg,0.025 MB,"08/21/2023, 20:35:02"
Milk_001.jpg,0.015 MB,"08/21/2023, 20:35:02"
Milk_002.jpg,0.021 MB,"08/21/2023, 20:35:02"
Milk_003.jpg,0.020 MB,"08/21/2023, 20:35:02"
Milk_004.jpg,0.017 MB,"08/21/2023, 20:35:02"
Milk_005.jpg,0.021 MB,"08/21/2023, 20:35:02"
Oatghurt_001.jpg,0.020 MB,"08/21/2023, 20:35:02"
Oatghurt_002.jpg,0.023 MB,"08/21/2023, 20:35:02"
Oatghurt_003.jpg,0.025 MB,"08/21/2023, 20:35:02"
Oatghurt_004.jpg,0.021 MB,"08/21/2023, 20:35:02"
Oatghurt_005.jpg,0.023 MB,"08/21/2023, 20:35:02"
